{"building_dict": {"commercial_building": {"pos": [85.9, -26.0, 0.0], "ori": [1.0, 0.0, 0.0, 0.0, 1.0, 0.0, 0.0, 0.0, 1.0], "size": "22 7.5 11.1"}, "fast_food_restaurant": {"pos": [40.11, -20.0, 0.0], "ori": [-3.6732051033465765e-06, -0.999999999993254, 0.0, 0.999999999993254, -3.6732051033465765e-06, 0.0, 0.0, 0.0, 1.0], "size": null}, "museum": {"pos": [81.0, 30.0, 0.0], "ori": [0.9999999999859169, 0.0, 5.3071795864418455e-06, -0.0, 1.0, 0.0, -5.3071795864418455e-06, -0.0, 0.9999999999859169], "size": "4.6 3.2 12"}, "hotel": {"pos": [105.0, 22.0, 0.0], "ori": [1.0, 0.0, 0.0, 0.0, 1.0, 0.0, 0.0, 0.0, 1.0], "size": null}, "church": {"pos": [29.0, -22.0, 0.0], "ori": [-3.6732051033465765e-06, -0.999999999993254, 0.0, 0.999999999993254, -3.6732051033465765e-06, 0.0, 0.0, 0.0, 1.0], "size": null}, "residential_tower": {"pos": [41.0, -35.0, 0.0], "ori": [0.9999999999889887, -4.692820414025618e-06, 0.0, 4.692820414025618e-06, 0.9999999999889887, 0.0, 0.0, 0.0, 1.0], "size": null}, "residential_tower(1)": {"pos": [11.0, -21.0, 0.0], "ori": [-3.6732051033465765e-06, -0.999999999993254, 0.0, 0.999999999993254, -3.6732051033465765e-06, 0.0, 0.0, 0.0, 1.0], "size": null}}, "tree_dict": {}, "light_dict": {}, "person_dict": {}, "car_dict": {}}