{"building_dict": {"building_commercial(1)": {"pos": [85.9, -26.0, 0.0], "ori": [1.0, 0.0, 0.0, 0.0, 1.0, 0.0, 0.0, 0.0, 1.0], "size": "22 7.5 11.1"}, "building_fast_food": {"pos": [40.11, -20.0, 0.0], "ori": [-3.6732051033465765e-06, -0.999999999993254, 0.0, 0.999999999993254, -3.6732051033465765e-06, 0.0, 0.0, 0.0, 1.0], "size": null}, "building_museum": {"pos": [39.0, 30.5, 0.000222424], "ori": [0.9999999999859169, 0.0, 5.3071795864418455e-06, -0.0, 1.0, 0.0, -5.3071795864418455e-06, -0.0, 0.9999999999859169], "size": "4.6 3.2 12"}, "building_hotel": {"pos": [105.0, 22.0, 0.0], "ori": [1.0, 0.0, 0.0, 0.0, 1.0, 0.0, 0.0, 0.0, 1.0], "size": null}, "building_church": {"pos": [28.0, -22.0, 0.0], "ori": [-3.6732051033465765e-06, -0.999999999993254, 0.0, 0.999999999993254, -3.6732051033465765e-06, 0.0, 0.0, 0.0, 1.0], "size": null}, "building_residential(2)": {"pos": [15.17, -19.4, 0.0], "ori": [-3.6732051033465765e-06, -0.999999999993254, 0.0, 0.999999999993254, -3.6732051033465765e-06, 0.0, 0.0, 0.0, 1.0], "size": null}, "building_residential(1)": {"pos": [82.0, 43.5, 0.0], "ori": [-0.9999999999964793, -2.653589793352726e-06, 0.0, 2.653589793352726e-06, -0.9999999999964793, 0.0, 0.0, 0.0, 1.0], "size": null}, "building(1)": {"pos": [20.0, 24.7, 0.0], "ori": [1.0, 0.0, 0.0, 0.0, 1.0, 0.0, 0.0, 0.0, 1.0], "size": null}, "building_commercial(2)": {"pos": [109.0, -26.0, 0.0], "ori": [1.0, 0.0, 0.0, 0.0, 1.0, 0.0, 0.0, 0.0, 1.0], "size": "22 7.5 11.1"}, "building_residential(3)": {"pos": [39.5, -39.0, 0.0], "ori": [1.019615310465785e-06, 0.9999999999994802, 0.0, -0.9999999999994802, 1.019615310465785e-06, 0.0, 0.0, 0.0, 1.0], "size": null}, "building(2)": {"pos": [85.0, -48.0, 0.0], "ori": [1.0, 0.0, 0.0, 0.0, 1.0, 0.0, 0.0, 0.0, 1.0], "size": null}}, "trafficlight_dict": {}, "streetlight_dict": {"street_light(1)": {"pos": [7.0, -10.0, 0.0], "radius": 0.1}, "street_light(2)": {"pos": [17.0, -10.0, 0.0], "radius": 0.1}, "street_light(3)": {"pos": [27.0, -10.0, 0.0], "radius": 0.1}, "street_light(4)": {"pos": [37.0, -10.0, 0.0], "radius": 0.1}, "street_light(5)": {"pos": [76.0, -10.0, 0.0], "radius": 0.1}, "street_light(6)": {"pos": [83.0, -10.0, 0.0], "radius": 0.1}, "street_light(7)": {"pos": [93.0, -10.0, 0.0], "radius": 0.1}, "street_light(8)": {"pos": [103.0, -10.0, 0.0], "radius": 0.1}, "street_light(9)": {"pos": [113.0, -10.0, 0.0], "radius": 0.1}, "street_light(10)": {"pos": [7.0, 10.0, 0.0], "radius": 0.1}, "street_light(11)": {"pos": [17.0, 10.0, 0.0], "radius": 0.1}, "street_light(12)": {"pos": [27.0, 10.0, 0.0], "radius": 0.1}, "street_light(13)": {"pos": [37.0, 10.0, 0.0], "radius": 0.1}, "street_light(14)": {"pos": [44.0, 10.0, 0.0], "radius": 0.1}, "street_light(15)": {"pos": [83.0, 10.0, 0.0], "radius": 0.1}, "street_light(16)": {"pos": [93.0, 10.0, 0.0], "radius": 0.1}, "street_light(17)": {"pos": [103.0, 10.0, 0.0], "radius": 0.1}, "street_light(18)": {"pos": [113.0, 10.0, 0.0], "radius": 0.1}, "street_light(20)": {"pos": [50.0, 53.0, 0.0], "radius": 0.1}, "street_light(19)": {"pos": [50.0, 43.0, 0.0], "radius": 0.1}, "street_light(21)": {"pos": [50.0, 33.0, 0.0], "radius": 0.1}, "street_light(22)": {"pos": [50.0, 23.0, 0.0], "radius": 0.1}, "street_light(23)": {"pos": [50.0, -16.0, 0.0], "radius": 0.1}, "street_light(24)": {"pos": [50.0, -23.0, 0.0], "radius": 0.1}, "street_light(25)": {"pos": [50.0, -33.0, 0.0], "radius": 0.1}, "street_light(26)": {"pos": [50.0, -43.0, 0.0], "radius": 0.1}, "street_light(27)": {"pos": [50.0, -53.0, 0.0], "radius": 0.1}, "street_light(28)": {"pos": [70.0, 53.0, 0.0], "radius": 0.1}, "street_light(29)": {"pos": [70.0, 43.0, 0.0], "radius": 0.1}, "street_light(30)": {"pos": [70.0, 33.0, 0.0], "radius": 0.1}, "street_light(31)": {"pos": [70.0, 23.0, 0.0], "radius": 0.1}, "street_light(32)": {"pos": [70.0, 16.0, 0.0], "radius": 0.1}, "street_light(33)": {"pos": [70.0, -23.0, 0.0], "radius": 0.1}, "street_light(34)": {"pos": [70.0, -33.0, 0.0], "radius": 0.1}, "street_light(35)": {"pos": [70.0, -43.0, 0.0], "radius": 0.1}, "street_light(36)": {"pos": [70.0, -53.0, 0.0], "radius": 0.1}}, "tree_dict": {"tree(1)": {"pos": [2.0, -10.0, 0.07], "radius": 0.15}, "tree(2)": {"pos": [12.0, -10.0, 0.07], "radius": 0.15}, "tree(3)": {"pos": [22.0, -10.0, 0.07], "radius": 0.15}, "tree(4)": {"pos": [32.0, -10.0, 0.07], "radius": 0.15}, "tree(5)": {"pos": [42.0, -10.0, 0.07], "radius": 0.15}, "tree(6)": {"pos": [2.0, 10.0, 0.07], "radius": 0.15}, "tree(7)": {"pos": [12.0, 10.0, 0.07], "radius": 0.15}, "tree(8)": {"pos": [22.0, 10.0, 0.07], "radius": 0.15}, "tree(9)": {"pos": [32.0, 10.0, 0.07], "radius": 0.15}, "tree(10)": {"pos": [42.0, 10.0, 0.07], "radius": 0.15}, "tree(11)": {"pos": [78.0, -10.0, 0.07], "radius": 0.15}, "tree(12)": {"pos": [88.0, -10.0, 0.07], "radius": 0.15}, "tree(13)": {"pos": [98.0, -10.0, 0.07], "radius": 0.15}, "tree(14)": {"pos": [108.0, -10.0, 0.07], "radius": 0.15}, "tree(15)": {"pos": [118.0, -10.0, 0.07], "radius": 0.15}, "tree(16)": {"pos": [78.0, 10.0, 0.07], "radius": 0.15}, "tree(17)": {"pos": [88.0, 10.0, 0.07], "radius": 0.15}, "tree(18)": {"pos": [98.0, 10.0, 0.07], "radius": 0.15}, "tree(19)": {"pos": [108.0, 10.0, 0.07], "radius": 0.15}, "tree(20)": {"pos": [118.0, 10.0, 0.07], "radius": 0.15}, "tree(21)": {"pos": [50.0, -18.0, 0.07], "radius": 0.15}, "tree(22)": {"pos": [50.0, -28.0, 0.07], "radius": 0.15}, "tree(23)": {"pos": [50.0, -38.0, 0.07], "radius": 0.15}, "tree(24)": {"pos": [50.0, -48.0, 0.07], "radius": 0.15}, "tree(25)": {"pos": [50.0, -58.0, 0.07], "radius": 0.15}, "tree(26)": {"pos": [50.0, 18.0, 0.07], "radius": 0.15}, "tree(27)": {"pos": [50.0, 28.0, 0.07], "radius": 0.15}, "tree(28)": {"pos": [50.0, 38.0, 0.07], "radius": 0.15}, "tree(29)": {"pos": [50.0, 48.0, 0.07], "radius": 0.15}, "tree(30)": {"pos": [50.0, 58.0, 0.07], "radius": 0.15}, "tree(31)": {"pos": [70.0, -18.0, 0.07], "radius": 0.15}, "tree(32)": {"pos": [70.0, -28.0, 0.07], "radius": 0.15}, "tree(33)": {"pos": [70.0, -38.0, 0.07], "radius": 0.15}, "tree(34)": {"pos": [70.0, -48.0, 0.07], "radius": 0.15}, "tree(35)": {"pos": [70.0, -58.0, 0.07], "radius": 0.15}, "tree(36)": {"pos": [70.0, 18.0, 0.07], "radius": 0.15}, "tree(37)": {"pos": [70.0, 28.0, 0.07], "radius": 0.15}, "tree(38)": {"pos": [70.0, 38.0, 0.07], "radius": 0.15}, "tree(39)": {"pos": [70.0, 48.0, 0.07], "radius": 0.15}, "tree(40)": {"pos": [70.0, 58.0, 0.07], "radius": 0.15}}, "person_dict": {}, "car_dict": {"car(1)": {"pos": [38.07515257569082, -6.560177319950085, 0.4701054543633529], "ori": [0.999983406360868, -0.00011405147448793848, -0.005759687072784599, 0.00011404958526404741, 0.9999999934961306, -6.564557637278766e-07, 0.005759687110194094, -4.4505116328278085e-10, 0.99998341286463], "size": null}, "car(2)": {"pos": [81.38991060613965, 2.1999897476604344, 0.3401930991342302], "ori": [-0.9999820301505472, -6.662836053113283e-06, 0.005994942167921693, 9.715256870240123e-06, -0.9999998703425367, 0.0005091370381589604, 0.005994937998336087, 0.0005091861314461176, 0.9999819005601449], "size": null}, "car(3)": {"pos": [90.59, 2.28999, 0.5], "ori": [-0.9999999999964793, -2.653589793352726e-06, 0.0, 2.653589793352726e-06, -0.9999999999964793, 0.0, 0.0, 0.0, 1.0], "size": null}, "car(4)": {"pos": [14.99, 2.20001, 0.25], "ori": [-0.9999999999964793, -2.653589793352726e-06, 0.0, 2.653589793352726e-06, -0.9999999999964793, 0.0, 0.0, 0.0, 1.0], "size": null}, "car(5)": {"pos": [23.56, 2.2, 0.4], "ori": [-0.9999999999964793, -2.653589793352726e-06, 0.0, 2.653589793352726e-06, -0.9999999999964793, 0.0, 0.0, 0.0, 1.0], "size": null}, "car(6)": {"pos": [56.8601, -0.890161, 0.4], "ori": [-0.8660284647724625, -0.4999946981757423, 0.0, 0.4999946981757423, -0.8660284647724625, 0.0, 0.0, 0.0, 1.0], "size": null}, "car(7)": {"pos": [62.15, -21.24, 0.4], "ori": [-3.6732051033465765e-06, -0.999999999993254, 0.0, 0.999999999993254, -3.6732051033465765e-06, 0.0, 0.0, 0.0, 1.0], "size": null}, "car(8)": {"pos": [87.94, -7.47, 0.55],